,id,identifier,species_id,height,weight,base_experience,order,is_default
0,1,bulbasaur,1,7,69,64,1.0,1
1,2,ivysaur,2,10,130,142,2.0,1
2,3,venusaur,3,20,1000,236,3.0,1
3,4,charmander,4,6,85,62,5.0,1
4,5,charmeleon,5,11,190,142,6.0,1
5,6,charizard,6,17,905,240,7.0,1
6,7,squirtle,7,5,90,63,10.0,1
7,8,wartortle,8,10,225,142,11.0,1
8,9,blastoise,9,16,855,239,12.0,1
9,10,caterpie,10,3,29,39,14.0,1
10,11,metapod,11,7,99,72,15.0,1
11,12,butterfree,12,11,320,178,16.0,1
12,13,weedle,13,3,32,39,17.0,1
13,14,kakuna,14,6,100,72,18.0,1
14,15,beedrill,15,10,295,178,19.0,1
15,16,pidgey,16,3,18,50,21.0,1
16,17,pidgeotto,17,11,300,122,22.0,1
17,18,pidgeot,18,15,395,216,23.0,1
18,19,rattata,19,3,35,51,25.0,1
19,20,raticate,20,7,185,145,27.0,1
20,21,spearow,21,3,20,52,30.0,1
21,22,fearow,22,12,380,155,31.0,1
22,23,ekans,23,20,69,58,32.0,1
23,24,arbok,24,35,650,157,33.0,1
24,25,pikachu,25,4,60,112,35.0,1
25,26,raichu,26,8,300,218,49.0,1
26,27,sandshrew,27,6,120,60,51.0,1
27,28,sandslash,28,10,295,158,53.0,1
28,29,nidoran-f,29,4,70,55,55.0,1
29,30,nidorina,30,8,200,128,56.0,1
30,31,nidoqueen,31,13,600,227,57.0,1
31,32,nidoran-m,32,5,90,55,58.0,1
32,33,nidorino,33,9,195,128,59.0,1
33,34,nidoking,34,14,620,227,60.0,1
34,35,clefairy,35,6,75,113,62.0,1
35,36,clefable,36,13,400,217,63.0,1
36,37,vulpix,37,6,99,60,64.0,1
37,38,ninetales,38,11,199,177,66.0,1
38,39,jigglypuff,39,5,55,95,69.0,1
39,40,wigglytuff,40,10,120,196,70.0,1
40,41,zubat,41,8,75,49,71.0,1
41,42,golbat,42,16,550,159,72.0,1
42,43,oddish,43,5,54,64,74.0,1
43,44,gloom,44,8,86,138,75.0,1
44,45,vileplume,45,12,186,221,76.0,1
45,46,paras,46,3,54,57,78.0,1
46,47,parasect,47,10,295,142,79.0,1
47,48,venonat,48,10,300,61,80.0,1
48,49,venomoth,49,15,125,158,81.0,1
49,50,diglett,50,2,8,53,82.0,1
50,51,dugtrio,51,7,333,149,84.0,1
51,52,meowth,52,4,42,58,86.0,1
52,53,persian,53,10,320,154,88.0,1
53,54,psyduck,54,8,196,64,90.0,1
54,55,golduck,55,17,766,175,91.0,1
55,56,mankey,56,5,280,61,92.0,1
56,57,primeape,57,10,320,159,93.0,1
57,58,growlithe,58,7,190,70,94.0,1
58,59,arcanine,59,19,1550,194,95.0,1
59,60,poliwag,60,6,124,60,96.0,1
60,61,poliwhirl,61,10,200,135,97.0,1
61,62,poliwrath,62,13,540,230,98.0,1
62,63,abra,63,9,195,62,100.0,1
63,64,kadabra,64,13,565,140,101.0,1
64,65,alakazam,65,15,480,225,102.0,1
65,66,machop,66,8,195,61,104.0,1
66,67,machoke,67,15,705,142,105.0,1
67,68,machamp,68,16,1300,227,106.0,1
68,69,bellsprout,69,7,40,60,107.0,1
69,70,weepinbell,70,10,64,137,108.0,1
70,71,victreebel,71,17,155,221,109.0,1
71,72,tentacool,72,9,455,67,110.0,1
72,73,tentacruel,73,16,550,180,111.0,1
73,74,geodude,74,4,200,60,112.0,1
74,75,graveler,75,10,1050,137,114.0,1
75,76,golem,76,14,3000,223,116.0,1
76,77,ponyta,77,10,300,82,118.0,1
77,78,rapidash,78,17,950,175,119.0,1
78,79,slowpoke,79,12,360,63,120.0,1
79,80,slowbro,80,16,785,172,121.0,1
80,81,magnemite,81,3,60,65,124.0,1
81,82,magneton,82,10,600,163,125.0,1
82,83,farfetchd,83,8,150,132,127.0,1
83,84,doduo,84,14,392,62,128.0,1
84,85,dodrio,85,18,852,165,129.0,1
85,86,seel,86,11,900,65,130.0,1
86,87,dewgong,87,17,1200,166,131.0,1
87,88,grimer,88,9,300,65,132.0,1
88,89,muk,89,12,300,175,134.0,1
89,90,shellder,90,3,40,61,136.0,1
90,91,cloyster,91,15,1325,184,137.0,1
91,92,gastly,92,13,1,62,138.0,1
92,93,haunter,93,16,1,142,139.0,1
93,94,gengar,94,15,405,225,140.0,1
94,95,onix,95,88,2100,77,142.0,1
95,96,drowzee,96,10,324,66,145.0,1
96,97,hypno,97,16,756,169,146.0,1
97,98,krabby,98,4,65,65,147.0,1
98,99,kingler,99,13,600,166,148.0,1
99,100,voltorb,100,5,104,66,149.0,1
100,101,electrode,101,12,666,172,150.0,1
101,102,exeggcute,102,4,25,65,151.0,1
102,103,exeggutor,103,20,1200,186,152.0,1
103,104,cubone,104,4,65,64,154.0,1
104,105,marowak,105,10,450,149,155.0,1
105,106,hitmonlee,106,15,498,159,159.0,1
106,107,hitmonchan,107,14,502,159,160.0,1
107,108,lickitung,108,12,655,77,162.0,1
108,109,koffing,109,6,10,68,164.0,1
109,110,weezing,110,12,95,172,165.0,1
110,111,rhyhorn,111,10,1150,69,166.0,1
111,112,rhydon,112,19,1200,170,167.0,1
112,113,chansey,113,11,346,395,170.0,1
113,114,tangela,114,10,350,87,172.0,1
114,115,kangaskhan,115,22,800,172,174.0,1
115,116,horsea,116,4,80,59,176.0,1
116,117,seadra,117,12,250,154,177.0,1
117,118,goldeen,118,6,150,64,179.0,1
118,119,seaking,119,13,390,158,180.0,1
119,120,staryu,120,8,345,68,181.0,1
120,121,starmie,121,11,800,182,182.0,1
121,122,mr-mime,122,13,545,161,184.0,1
122,123,scyther,123,15,560,100,185.0,1
123,124,jynx,124,14,406,159,189.0,1
124,125,electabuzz,125,11,300,172,191.0,1
125,126,magmar,126,13,445,173,194.0,1
126,127,pinsir,127,15,550,175,196.0,1
127,128,tauros,128,14,884,172,198.0,1
128,129,magikarp,129,9,100,40,199.0,1
129,130,gyarados,130,65,2350,189,200.0,1
130,131,lapras,131,25,2200,187,202.0,1
131,132,ditto,132,3,40,101,203.0,1
132,133,eevee,133,3,65,65,204.0,1
133,134,vaporeon,134,10,290,184,205.0,1
134,135,jolteon,135,8,245,184,206.0,1
135,136,flareon,136,9,250,184,207.0,1
136,137,porygon,137,8,365,79,213.0,1
137,138,omanyte,138,4,75,71,216.0,1
138,139,omastar,139,10,350,173,217.0,1
139,140,kabuto,140,5,115,71,218.0,1
140,141,kabutops,141,13,405,173,219.0,1
141,142,aerodactyl,142,18,590,180,220.0,1
142,143,snorlax,143,21,4600,189,223.0,1
143,144,articuno,144,17,554,261,224.0,1
144,145,zapdos,145,16,526,261,225.0,1
145,146,moltres,146,20,600,261,226.0,1
146,147,dratini,147,18,33,60,227.0,1
147,148,dragonair,148,40,165,147,228.0,1
148,149,dragonite,149,22,2100,270,229.0,1
149,150,mewtwo,150,20,1220,306,230.0,1
150,151,mew,151,4,40,270,233.0,1
151,152,chikorita,152,9,64,64,234.0,1
152,153,bayleef,153,12,158,142,235.0,1
153,154,meganium,154,18,1005,236,236.0,1
154,155,cyndaquil,155,5,79,62,237.0,1
155,156,quilava,156,9,190,142,238.0,1
156,157,typhlosion,157,17,795,240,239.0,1
157,158,totodile,158,6,95,63,240.0,1
158,159,croconaw,159,11,250,142,241.0,1
159,160,feraligatr,160,23,888,239,242.0,1
160,161,sentret,161,8,60,43,243.0,1
161,162,furret,162,18,325,145,244.0,1
162,163,hoothoot,163,7,212,52,245.0,1
163,164,noctowl,164,16,408,158,246.0,1
164,165,ledyba,165,10,108,53,247.0,1
165,166,ledian,166,14,356,137,248.0,1
166,167,spinarak,167,5,85,50,249.0,1
167,168,ariados,168,11,335,140,250.0,1
168,169,crobat,169,18,750,241,73.0,1
169,170,chinchou,170,5,120,66,251.0,1
170,171,lanturn,171,12,225,161,252.0,1
171,172,pichu,172,3,20,41,34.0,1
172,173,cleffa,173,3,30,44,61.0,1
173,174,igglybuff,174,3,10,42,68.0,1
174,175,togepi,175,3,15,49,253.0,1
175,176,togetic,176,6,32,142,254.0,1
176,177,natu,177,2,20,64,256.0,1
177,178,xatu,178,15,150,165,257.0,1
178,179,mareep,179,6,78,56,258.0,1
179,180,flaaffy,180,8,133,128,259.0,1
180,181,ampharos,181,14,615,230,260.0,1
181,182,bellossom,182,4,58,221,77.0,1
182,183,marill,183,4,85,88,263.0,1
183,184,azumarill,184,8,285,189,264.0,1
184,185,sudowoodo,185,12,380,144,266.0,1
185,186,politoed,186,11,339,225,99.0,1
186,187,hoppip,187,4,5,50,267.0,1
187,188,skiploom,188,6,10,119,268.0,1
188,189,jumpluff,189,8,30,207,269.0,1
189,190,aipom,190,8,115,72,270.0,1
190,191,sunkern,191,3,18,36,272.0,1
191,192,sunflora,192,8,85,149,273.0,1
192,193,yanma,193,12,380,78,274.0,1
193,194,wooper,194,4,85,42,276.0,1
194,195,quagsire,195,14,750,151,277.0,1
195,196,espeon,196,9,265,184,208.0,1
196,197,umbreon,197,10,270,184,209.0,1
197,198,murkrow,198,5,21,81,278.0,1
198,199,slowking,199,20,795,172,123.0,1
199,200,misdreavus,200,7,10,87,280.0,1
200,201,unown,201,5,50,118,282.0,1
201,202,wobbuffet,202,13,285,142,284.0,1
202,203,girafarig,203,15,415,159,285.0,1
203,204,pineco,204,6,72,58,286.0,1
204,205,forretress,205,12,1258,163,287.0,1
205,206,dunsparce,206,15,140,145,288.0,1
206,207,gligar,207,11,648,86,289.0,1
207,208,steelix,208,92,4000,179,143.0,1
208,209,snubbull,209,6,78,60,291.0,1
209,210,granbull,210,14,487,158,292.0,1
210,211,qwilfish,211,5,39,88,293.0,1
211,212,scizor,212,18,1180,175,186.0,1
212,213,shuckle,213,6,205,177,294.0,1
213,214,heracross,214,15,540,175,295.0,1
214,215,sneasel,215,9,280,86,297.0,1
215,216,teddiursa,216,6,88,66,299.0,1
216,217,ursaring,217,18,1258,175,300.0,1
217,218,slugma,218,7,350,50,301.0,1
218,219,magcargo,219,8,550,151,302.0,1
219,220,swinub,220,4,65,50,303.0,1
220,221,piloswine,221,11,558,158,304.0,1
221,222,corsola,222,6,50,144,306.0,1
222,223,remoraid,223,6,120,60,307.0,1
223,224,octillery,224,9,285,168,308.0,1
224,225,delibird,225,9,160,116,309.0,1
225,226,mantine,226,21,2200,170,311.0,1
226,227,skarmory,227,17,505,163,312.0,1
227,228,houndour,228,6,108,66,313.0,1
228,229,houndoom,229,14,350,175,314.0,1
229,230,kingdra,230,18,1520,243,178.0,1
230,231,phanpy,231,5,335,66,316.0,1
231,232,donphan,232,11,1200,175,317.0,1
232,233,porygon2,233,6,325,180,214.0,1
233,234,stantler,234,14,712,163,318.0,1
234,235,smeargle,235,12,580,88,319.0,1
235,236,tyrogue,236,7,210,42,158.0,1
236,237,hitmontop,237,14,480,159,161.0,1
237,238,smoochum,238,4,60,61,188.0,1
238,239,elekid,239,6,235,72,190.0,1
239,240,magby,240,7,214,73,193.0,1
240,241,miltank,241,12,755,172,320.0,1
241,242,blissey,242,15,468,608,171.0,1
242,243,raikou,243,19,1780,261,321.0,1
243,244,entei,244,21,1980,261,322.0,1
244,245,suicune,245,20,1870,261,323.0,1
245,246,larvitar,246,6,720,60,324.0,1
246,247,pupitar,247,12,1520,144,325.0,1
247,248,tyranitar,248,20,2020,270,326.0,1
248,249,lugia,249,52,2160,306,328.0,1
249,250,ho-oh,250,38,1990,306,329.0,1
250,251,celebi,251,6,50,270,330.0,1
251,252,treecko,252,5,50,62,331.0,1
252,253,grovyle,253,9,216,142,332.0,1
253,254,sceptile,254,17,522,239,333.0,1
254,255,torchic,255,4,25,62,335.0,1
255,256,combusken,256,9,195,142,336.0,1
256,257,blaziken,257,19,520,239,337.0,1
257,258,mudkip,258,4,76,62,339.0,1
258,259,marshtomp,259,7,280,142,340.0,1
259,260,swampert,260,15,819,241,341.0,1
260,261,poochyena,261,5,136,56,343.0,1
261,262,mightyena,262,10,370,147,344.0,1
262,263,zigzagoon,263,4,175,56,345.0,1
263,264,linoone,264,5,325,147,346.0,1
264,265,wurmple,265,3,36,56,347.0,1
265,266,silcoon,266,6,100,72,348.0,1
266,267,beautifly,267,10,284,178,349.0,1
267,268,cascoon,268,7,115,72,350.0,1
268,269,dustox,269,12,316,173,351.0,1
269,270,lotad,270,5,26,44,352.0,1
270,271,lombre,271,12,325,119,353.0,1
271,272,ludicolo,272,15,550,216,354.0,1
272,273,seedot,273,5,40,44,355.0,1
273,274,nuzleaf,274,10,280,119,356.0,1
274,275,shiftry,275,13,596,216,357.0,1
275,276,taillow,276,3,23,54,358.0,1
276,277,swellow,277,7,198,159,359.0,1
277,278,wingull,278,6,95,54,360.0,1
278,279,pelipper,279,12,280,154,361.0,1
279,280,ralts,280,4,66,40,362.0,1
280,281,kirlia,281,8,202,97,363.0,1
281,282,gardevoir,282,16,484,233,364.0,1
282,283,surskit,283,5,17,54,368.0,1
283,284,masquerain,284,8,36,159,369.0,1
284,285,shroomish,285,4,45,59,370.0,1
285,286,breloom,286,12,392,161,371.0,1
286,287,slakoth,287,8,240,56,372.0,1
287,288,vigoroth,288,14,465,154,373.0,1
288,289,slaking,289,20,1305,252,374.0,1
289,290,nincada,290,5,55,53,375.0,1
290,291,ninjask,291,8,120,160,376.0,1
291,292,shedinja,292,8,12,83,377.0,1
292,293,whismur,293,6,163,48,378.0,1
293,294,loudred,294,10,405,126,379.0,1
294,295,exploud,295,15,840,221,380.0,1
295,296,makuhita,296,10,864,47,381.0,1
296,297,hariyama,297,23,2538,166,382.0,1
297,298,azurill,298,2,20,38,262.0,1
298,299,nosepass,299,10,970,75,383.0,1
299,300,skitty,300,6,110,52,385.0,1
300,301,delcatty,301,11,326,140,386.0,1
301,302,sableye,302,5,110,133,387.0,1
302,303,mawile,303,6,115,133,389.0,1
303,304,aron,304,4,600,66,391.0,1
304,305,lairon,305,9,1200,151,392.0,1
305,306,aggron,306,21,3600,239,393.0,1
306,307,meditite,307,6,112,56,395.0,1
307,308,medicham,308,13,315,144,396.0,1
308,309,electrike,309,6,152,59,398.0,1
309,310,manectric,310,15,402,166,399.0,1
310,311,plusle,311,4,42,142,401.0,1
311,312,minun,312,4,42,142,402.0,1
312,313,volbeat,313,7,177,151,403.0,1
313,314,illumise,314,6,177,151,404.0,1
314,315,roselia,315,3,20,140,406.0,1
315,316,gulpin,316,4,103,60,408.0,1
316,317,swalot,317,17,800,163,409.0,1
317,318,carvanha,318,8,208,61,410.0,1
318,319,sharpedo,319,18,888,161,411.0,1
319,320,wailmer,320,20,1300,80,413.0,1
320,321,wailord,321,145,3980,175,414.0,1
321,322,numel,322,7,240,61,415.0,1
322,323,camerupt,323,19,2200,161,416.0,1
323,324,torkoal,324,5,804,165,418.0,1
324,325,spoink,325,7,306,66,419.0,1
325,326,grumpig,326,9,715,165,420.0,1
326,327,spinda,327,11,50,126,421.0,1
327,328,trapinch,328,7,150,58,422.0,1
328,329,vibrava,329,11,153,119,423.0,1
329,330,flygon,330,20,820,234,424.0,1
330,331,cacnea,331,4,513,67,425.0,1
331,332,cacturne,332,13,774,166,426.0,1
332,333,swablu,333,4,12,62,427.0,1
333,334,altaria,334,11,206,172,428.0,1
334,335,zangoose,335,13,403,160,430.0,1
335,336,seviper,336,27,525,160,431.0,1
336,337,lunatone,337,10,1680,161,432.0,1
337,338,solrock,338,12,1540,161,433.0,1
338,339,barboach,339,4,19,58,434.0,1
339,340,whiscash,340,9,236,164,435.0,1
340,341,corphish,341,6,115,62,436.0,1
341,342,crawdaunt,342,11,328,164,437.0,1
342,343,baltoy,343,5,215,60,438.0,1
343,344,claydol,344,15,1080,175,439.0,1
344,345,lileep,345,10,238,71,440.0,1
345,346,cradily,346,15,604,173,441.0,1
346,347,anorith,347,7,125,71,442.0,1
347,348,armaldo,348,15,682,173,443.0,1
348,349,feebas,349,6,74,40,444.0,1
349,350,milotic,350,62,1620,189,445.0,1
350,351,castform,351,3,8,147,446.0,1
351,352,kecleon,352,10,220,154,450.0,1
352,353,shuppet,353,6,23,59,451.0,1
353,354,banette,354,11,125,159,452.0,1
354,355,duskull,355,8,150,59,454.0,1
355,356,dusclops,356,16,306,159,455.0,1
356,357,tropius,357,20,1000,161,457.0,1
357,358,chimecho,358,6,10,159,459.0,1
358,359,absol,359,12,470,163,460.0,1
359,360,wynaut,360,6,140,52,283.0,1
360,361,snorunt,361,7,168,60,462.0,1
361,362,glalie,362,15,2565,168,463.0,1
362,363,spheal,363,8,395,58,466.0,1
363,364,sealeo,364,11,876,144,467.0,1
364,365,walrein,365,14,1506,239,468.0,1
365,366,clamperl,366,4,525,69,469.0,1
366,367,huntail,367,17,270,170,470.0,1
367,368,gorebyss,368,18,226,170,471.0,1
368,369,relicanth,369,10,234,170,472.0,1
369,370,luvdisc,370,6,87,116,473.0,1
370,371,bagon,371,6,421,60,474.0,1
371,372,shelgon,372,11,1105,147,475.0,1
372,373,salamence,373,15,1026,270,476.0,1
373,374,beldum,374,6,952,60,478.0,1
374,375,metang,375,12,2025,147,479.0,1
375,376,metagross,376,16,5500,270,480.0,1
376,377,regirock,377,17,2300,261,482.0,1
377,378,regice,378,18,1750,261,483.0,1
378,379,registeel,379,19,2050,261,484.0,1
379,380,latias,380,14,400,270,485.0,1
380,381,latios,381,20,600,270,487.0,1
381,382,kyogre,382,45,3520,302,489.0,1
382,383,groudon,383,35,9500,302,491.0,1
383,384,rayquaza,384,70,2065,306,493.0,1
384,385,jirachi,385,3,11,270,495.0,1
385,386,deoxys-normal,386,17,608,270,496.0,1
386,387,turtwig,387,4,102,64,500.0,1
387,388,grotle,388,11,970,142,501.0,1
388,389,torterra,389,22,3100,236,502.0,1
389,390,chimchar,390,5,62,62,503.0,1
390,391,monferno,391,9,220,142,504.0,1
391,392,infernape,392,12,550,240,505.0,1
392,393,piplup,393,4,52,63,506.0,1
393,394,prinplup,394,8,230,142,507.0,1
394,395,empoleon,395,17,845,239,508.0,1
395,396,starly,396,3,20,49,509.0,1
396,397,staravia,397,6,155,119,510.0,1
397,398,staraptor,398,12,249,218,511.0,1
398,399,bidoof,399,5,200,50,512.0,1
399,400,bibarel,400,10,315,144,513.0,1
400,401,kricketot,401,3,22,39,514.0,1
401,402,kricketune,402,10,255,134,515.0,1
402,403,shinx,403,5,95,53,516.0,1
403,404,luxio,404,9,305,127,517.0,1
404,405,luxray,405,14,420,235,518.0,1
405,406,budew,406,2,12,56,405.0,1
406,407,roserade,407,9,145,232,407.0,1
407,408,cranidos,408,9,315,70,519.0,1
408,409,rampardos,409,16,1025,173,520.0,1
409,410,shieldon,410,5,570,70,521.0,1
410,411,bastiodon,411,13,1495,173,522.0,1
411,412,burmy,412,2,34,45,523.0,1
412,413,wormadam-plant,413,5,65,148,524.0,1
413,414,mothim,414,9,233,148,527.0,1
414,415,combee,415,3,55,49,528.0,1
415,416,vespiquen,416,12,385,166,529.0,1
416,417,pachirisu,417,4,39,142,530.0,1
417,418,buizel,418,7,295,66,531.0,1
418,419,floatzel,419,11,335,173,532.0,1
419,420,cherubi,420,4,33,55,533.0,1
420,421,cherrim,421,5,93,158,534.0,1
421,422,shellos,422,3,63,65,535.0,1
422,423,gastrodon,423,9,299,166,536.0,1
423,424,ambipom,424,12,203,169,271.0,1
424,425,drifloon,425,4,12,70,537.0,1
425,426,drifblim,426,12,150,174,538.0,1
426,427,buneary,427,4,55,70,539.0,1
427,428,lopunny,428,12,333,168,540.0,1
428,429,mismagius,429,9,44,173,281.0,1
429,430,honchkrow,430,9,273,177,279.0,1
430,431,glameow,431,5,39,62,542.0,1
431,432,purugly,432,10,438,158,543.0,1
432,433,chingling,433,2,6,57,458.0,1
433,434,stunky,434,4,192,66,544.0,1
434,435,skuntank,435,10,380,168,545.0,1
435,436,bronzor,436,5,605,60,546.0,1
436,437,bronzong,437,13,1870,175,547.0,1
437,438,bonsly,438,5,150,58,265.0,1
438,439,mime-jr,439,6,130,62,183.0,1
439,440,happiny,440,6,244,110,169.0,1
440,441,chatot,441,5,19,144,548.0,1
441,442,spiritomb,442,10,1080,170,549.0,1
442,443,gible,443,7,205,60,550.0,1
443,444,gabite,444,14,560,144,551.0,1
444,445,garchomp,445,19,950,270,552.0,1
445,446,munchlax,446,6,1050,78,222.0,1
446,447,riolu,447,7,202,57,554.0,1
447,448,lucario,448,12,540,184,555.0,1
448,449,hippopotas,449,8,495,66,557.0,1
449,450,hippowdon,450,20,3000,184,558.0,1
450,451,skorupi,451,8,120,66,559.0,1
451,452,drapion,452,13,615,175,560.0,1
452,453,croagunk,453,7,230,60,561.0,1
453,454,toxicroak,454,13,444,172,562.0,1
454,455,carnivine,455,14,270,159,563.0,1
455,456,finneon,456,4,70,66,564.0,1
456,457,lumineon,457,12,240,161,565.0,1
457,458,mantyke,458,10,650,69,310.0,1
458,459,snover,459,10,505,67,566.0,1
459,460,abomasnow,460,22,1355,173,567.0,1
460,461,weavile,461,11,340,179,298.0,1
461,462,magnezone,462,12,1800,241,126.0,1
462,463,lickilicky,463,17,1400,180,163.0,1
463,464,rhyperior,464,24,2828,241,168.0,1
464,465,tangrowth,465,20,1286,187,173.0,1
465,466,electivire,466,18,1386,243,192.0,1
466,467,magmortar,467,16,680,243,195.0,1
467,468,togekiss,468,15,380,245,255.0,1
468,469,yanmega,469,19,515,180,275.0,1
469,470,leafeon,470,10,255,184,210.0,1
470,471,glaceon,471,8,259,184,211.0,1
471,472,gliscor,472,20,425,179,290.0,1
472,473,mamoswine,473,25,2910,239,305.0,1
473,474,porygon-z,474,9,340,241,215.0,1
474,475,gallade,475,16,520,233,366.0,1
475,476,probopass,476,14,3400,184,384.0,1
476,477,dusknoir,477,22,1066,236,456.0,1
477,478,froslass,478,13,266,168,465.0,1
478,479,rotom,479,3,3,154,569.0,1
479,480,uxie,480,3,3,261,575.0,1
480,481,mesprit,481,3,3,261,576.0,1
481,482,azelf,482,3,3,261,577.0,1
482,483,dialga,483,54,6830,306,578.0,1
483,484,palkia,484,42,3360,306,579.0,1
484,485,heatran,485,17,4300,270,580.0,1
485,486,regigigas,486,37,4200,302,581.0,1
486,487,giratina-altered,487,45,7500,306,582.0,1
487,488,cresselia,488,15,856,270,584.0,1
488,489,phione,489,4,31,216,585.0,1
489,490,manaphy,490,3,14,270,586.0,1
490,491,darkrai,491,15,505,270,587.0,1
491,492,shaymin-land,492,2,21,270,588.0,1
492,493,arceus,493,32,3200,324,590.0,1
493,494,victini,494,4,40,270,591.0,1
494,495,snivy,495,6,81,62,592.0,1
495,496,servine,496,8,160,145,593.0,1
496,497,serperior,497,33,630,238,594.0,1
497,498,tepig,498,5,99,62,595.0,1
498,499,pignite,499,10,555,146,596.0,1
499,500,emboar,500,16,1500,238,597.0,1
500,501,oshawott,501,5,59,62,598.0,1
501,502,dewott,502,8,245,145,599.0,1
502,503,samurott,503,15,946,238,600.0,1
503,504,patrat,504,5,116,51,601.0,1
504,505,watchog,505,11,270,147,602.0,1
505,506,lillipup,506,4,41,55,603.0,1
506,507,herdier,507,9,147,130,604.0,1
507,508,stoutland,508,12,610,225,605.0,1
508,509,purrloin,509,4,101,56,606.0,1
509,510,liepard,510,11,375,156,607.0,1
510,511,pansage,511,6,105,63,608.0,1
511,512,simisage,512,11,305,174,609.0,1
512,513,pansear,513,6,110,63,610.0,1
513,514,simisear,514,10,280,174,611.0,1
514,515,panpour,515,6,135,63,612.0,1
515,516,simipour,516,10,290,174,613.0,1
516,517,munna,517,6,233,58,614.0,1
517,518,musharna,518,11,605,170,615.0,1
518,519,pidove,519,3,21,53,616.0,1
519,520,tranquill,520,6,150,125,617.0,1
520,521,unfezant,521,12,290,220,618.0,1
521,522,blitzle,522,8,298,59,619.0,1
522,523,zebstrika,523,16,795,174,620.0,1
523,524,roggenrola,524,4,180,56,621.0,1
524,525,boldore,525,9,1020,137,622.0,1
525,526,gigalith,526,17,2600,232,623.0,1
526,527,woobat,527,4,21,65,624.0,1
527,528,swoobat,528,9,105,149,625.0,1
528,529,drilbur,529,3,85,66,626.0,1
529,530,excadrill,530,7,404,178,627.0,1
530,531,audino,531,11,310,390,628.0,1
531,532,timburr,532,6,125,61,630.0,1
532,533,gurdurr,533,12,400,142,631.0,1
533,534,conkeldurr,534,14,870,227,632.0,1
534,535,tympole,535,5,45,59,633.0,1
535,536,palpitoad,536,8,170,134,634.0,1
536,537,seismitoad,537,15,620,229,635.0,1
537,538,throh,538,13,555,163,636.0,1
538,539,sawk,539,14,510,163,637.0,1
539,540,sewaddle,540,3,25,62,638.0,1
540,541,swadloon,541,5,73,133,639.0,1
541,542,leavanny,542,12,205,225,640.0,1
542,543,venipede,543,4,53,52,641.0,1
543,544,whirlipede,544,12,585,126,642.0,1
544,545,scolipede,545,25,2005,218,643.0,1
545,546,cottonee,546,3,6,56,644.0,1
546,547,whimsicott,547,7,66,168,645.0,1
547,548,petilil,548,5,66,56,646.0,1
548,549,lilligant,549,11,163,168,647.0,1
549,550,basculin-red-striped,550,10,180,161,648.0,1
550,551,sandile,551,7,152,58,650.0,1
551,552,krokorok,552,10,334,123,651.0,1
552,553,krookodile,553,15,963,234,652.0,1
553,554,darumaka,554,6,375,63,653.0,1
554,555,darmanitan-standard,555,13,929,168,654.0,1
555,556,maractus,556,10,280,161,656.0,1
556,557,dwebble,557,3,145,65,657.0,1
557,558,crustle,558,14,2000,170,658.0,1
558,559,scraggy,559,6,118,70,659.0,1
559,560,scrafty,560,11,300,171,660.0,1
560,561,sigilyph,561,14,140,172,661.0,1
561,562,yamask,562,5,15,61,662.0,1
562,563,cofagrigus,563,17,765,169,663.0,1
563,564,tirtouga,564,7,165,71,664.0,1
564,565,carracosta,565,12,810,173,665.0,1
565,566,archen,566,5,95,71,666.0,1
566,567,archeops,567,14,320,177,667.0,1
567,568,trubbish,568,6,310,66,668.0,1
568,569,garbodor,569,19,1073,166,669.0,1
569,570,zorua,570,7,125,66,670.0,1
570,571,zoroark,571,16,811,179,671.0,1
571,572,minccino,572,4,58,60,672.0,1
572,573,cinccino,573,5,75,165,673.0,1
573,574,gothita,574,4,58,58,674.0,1
574,575,gothorita,575,7,180,137,675.0,1
575,576,gothitelle,576,15,440,221,676.0,1
576,577,solosis,577,3,10,58,677.0,1
577,578,duosion,578,6,80,130,678.0,1
578,579,reuniclus,579,10,201,221,679.0,1
579,580,ducklett,580,5,55,61,680.0,1
580,581,swanna,581,13,242,166,681.0,1
581,582,vanillite,582,4,57,61,682.0,1
582,583,vanillish,583,11,410,138,683.0,1
583,584,vanilluxe,584,13,575,241,684.0,1
584,585,deerling,585,6,195,67,685.0,1
585,586,sawsbuck,586,19,925,166,686.0,1
586,587,emolga,587,4,50,150,687.0,1
587,588,karrablast,588,5,59,63,688.0,1
588,589,escavalier,589,10,330,173,689.0,1
589,590,foongus,590,2,10,59,690.0,1
590,591,amoonguss,591,6,105,162,691.0,1
591,592,frillish,592,12,330,67,692.0,1
592,593,jellicent,593,22,1350,168,693.0,1
593,594,alomomola,594,12,316,165,694.0,1
594,595,joltik,595,1,6,64,695.0,1
595,596,galvantula,596,8,143,165,696.0,1
596,597,ferroseed,597,6,188,61,697.0,1
597,598,ferrothorn,598,10,1100,171,698.0,1
598,599,klink,599,3,210,60,699.0,1
599,600,klang,600,6,510,154,700.0,1
600,601,klinklang,601,6,810,234,701.0,1
601,602,tynamo,602,2,3,55,702.0,1
602,603,eelektrik,603,12,220,142,703.0,1
603,604,eelektross,604,21,805,232,704.0,1
604,605,elgyem,605,5,90,67,705.0,1
605,606,beheeyem,606,10,345,170,706.0,1
606,607,litwick,607,3,31,55,707.0,1
607,608,lampent,608,6,130,130,708.0,1
608,609,chandelure,609,10,343,234,709.0,1
609,610,axew,610,6,180,64,710.0,1
610,611,fraxure,611,10,360,144,711.0,1
611,612,haxorus,612,18,1055,243,712.0,1
612,613,cubchoo,613,5,85,61,713.0,1
613,614,beartic,614,26,2600,177,714.0,1
614,615,cryogonal,615,11,1480,180,715.0,1
615,616,shelmet,616,4,77,61,716.0,1
616,617,accelgor,617,8,253,173,717.0,1
617,618,stunfisk,618,7,110,165,718.0,1
618,619,mienfoo,619,9,200,70,719.0,1
619,620,mienshao,620,14,355,179,720.0,1
620,621,druddigon,621,16,1390,170,721.0,1
621,622,golett,622,10,920,61,722.0,1
622,623,golurk,623,28,3300,169,723.0,1
623,624,pawniard,624,5,102,68,724.0,1
624,625,bisharp,625,16,700,172,725.0,1
625,626,bouffalant,626,16,946,172,726.0,1
626,627,rufflet,627,5,105,70,727.0,1
627,628,braviary,628,15,410,179,728.0,1
628,629,vullaby,629,5,90,74,729.0,1
629,630,mandibuzz,630,12,395,179,730.0,1
630,631,heatmor,631,14,580,169,731.0,1
631,632,durant,632,3,330,169,732.0,1
632,633,deino,633,8,173,60,733.0,1
633,634,zweilous,634,14,500,147,734.0,1
634,635,hydreigon,635,18,1600,270,735.0,1
635,636,larvesta,636,11,288,72,736.0,1
636,637,volcarona,637,16,460,248,737.0,1
637,638,cobalion,638,21,2500,261,738.0,1
638,639,terrakion,639,19,2600,261,739.0,1
639,640,virizion,640,20,2000,261,740.0,1
640,641,tornadus-incarnate,641,15,630,261,741.0,1
641,642,thundurus-incarnate,642,15,610,261,743.0,1
642,643,reshiram,643,32,3300,306,745.0,1
643,644,zekrom,644,29,3450,306,746.0,1
644,645,landorus-incarnate,645,15,680,270,747.0,1
645,646,kyurem,646,30,3250,297,749.0,1
646,647,keldeo-ordinary,647,14,485,261,752.0,1
647,648,meloetta-aria,648,6,65,270,754.0,1
648,649,genesect,649,15,825,270,756.0,1
649,650,chespin,650,4,90,63,757.0,1
650,651,quilladin,651,7,290,142,758.0,1
651,652,chesnaught,652,16,900,239,759.0,1
652,653,fennekin,653,4,94,61,760.0,1
653,654,braixen,654,10,145,143,761.0,1
654,655,delphox,655,15,390,240,762.0,1
655,656,froakie,656,3,70,63,763.0,1
656,657,frogadier,657,6,109,142,764.0,1
657,658,greninja,658,15,400,239,765.0,1
658,659,bunnelby,659,4,50,47,768.0,1
659,660,diggersby,660,10,424,148,769.0,1
660,661,fletchling,661,3,17,56,770.0,1
661,662,fletchinder,662,7,160,134,771.0,1
662,663,talonflame,663,12,245,175,772.0,1
663,664,scatterbug,664,3,25,40,773.0,1
664,665,spewpa,665,3,84,75,774.0,1
665,666,vivillon,666,12,170,185,775.0,1
666,667,litleo,667,6,135,74,776.0,1
667,668,pyroar,668,15,815,177,777.0,1
668,669,flabebe,669,1,1,61,778.0,1
669,670,floette,670,2,9,130,779.0,1
670,671,florges,671,11,100,248,781.0,1
671,672,skiddo,672,9,310,70,782.0,1
672,673,gogoat,673,17,910,186,783.0,1
673,674,pancham,674,6,80,70,784.0,1
674,675,pangoro,675,21,1360,173,785.0,1
675,676,furfrou,676,12,280,165,786.0,1
676,677,espurr,677,3,35,71,787.0,1
677,678,meowstic-male,678,6,85,163,788.0,1
678,679,honedge,679,8,20,65,790.0,1
679,680,doublade,680,8,45,157,791.0,1
680,681,aegislash-shield,681,17,530,234,792.0,1
681,682,spritzee,682,2,5,68,794.0,1
682,683,aromatisse,683,8,155,162,795.0,1
683,684,swirlix,684,4,35,68,796.0,1
684,685,slurpuff,685,8,50,168,797.0,1
685,686,inkay,686,4,35,58,798.0,1
686,687,malamar,687,15,470,169,799.0,1
687,688,binacle,688,5,310,61,800.0,1
688,689,barbaracle,689,13,960,175,801.0,1
689,690,skrelp,690,5,73,64,802.0,1
690,691,dragalge,691,18,815,173,803.0,1
691,692,clauncher,692,5,83,66,804.0,1
692,693,clawitzer,693,13,353,100,805.0,1
693,694,helioptile,694,5,60,58,806.0,1
694,695,heliolisk,695,10,210,168,807.0,1
695,696,tyrunt,696,8,260,72,808.0,1
696,697,tyrantrum,697,25,2700,182,809.0,1
697,698,amaura,698,13,252,72,810.0,1
698,699,aurorus,699,27,2250,104,811.0,1
699,700,sylveon,700,10,235,184,212.0,1
700,701,hawlucha,701,8,215,175,812.0,1
701,702,dedenne,702,2,22,151,813.0,1
702,703,carbink,703,3,57,100,814.0,1
703,704,goomy,704,3,28,60,815.0,1
704,705,sliggoo,705,8,175,158,816.0,1
705,706,goodra,706,20,1505,270,817.0,1
706,707,klefki,707,2,30,165,818.0,1
707,708,phantump,708,4,70,62,819.0,1
708,709,trevenant,709,15,710,166,820.0,1
709,710,pumpkaboo-average,710,4,50,67,821.0,1
710,711,gourgeist-average,711,9,125,173,825.0,1
711,712,bergmite,712,10,995,61,829.0,1
712,713,avalugg,713,20,5050,180,830.0,1
713,714,noibat,714,5,80,49,831.0,1
714,715,noivern,715,15,850,187,832.0,1
715,716,xerneas,716,30,2150,306,833.0,1
716,717,yveltal,717,58,2030,306,834.0,1
717,718,zygarde,718,50,3050,270,835.0,1
718,719,diancie,719,7,88,270,839.0,1
719,720,hoopa,720,5,90,270,841.0,1
720,721,volcanion,721,17,1950,270,843.0,1
721,722,rowlet,722,3,15,64,844.0,1
722,723,dartrix,723,7,160,147,845.0,1
723,724,decidueye,724,16,366,239,846.0,1
724,725,litten,725,4,43,64,847.0,1
725,726,torracat,726,7,250,147,848.0,1
726,727,incineroar,727,18,830,239,849.0,1
727,728,popplio,728,4,75,64,850.0,1
728,729,brionne,729,6,175,147,851.0,1
729,730,primarina,730,18,440,239,852.0,1
730,731,pikipek,731,3,12,53,853.0,1
731,732,trumbeak,732,6,148,124,854.0,1
732,733,toucannon,733,11,260,218,855.0,1
733,734,yungoos,734,4,60,51,856.0,1
734,735,gumshoos,735,7,142,146,857.0,1
735,736,grubbin,736,4,44,60,859.0,1
736,737,charjabug,737,5,105,140,860.0,1
737,738,vikavolt,738,15,450,225,861.0,1
738,739,crabrawler,739,6,70,68,863.0,1
739,740,crabominable,740,17,1800,167,864.0,1
740,741,oricorio-baile,741,6,34,167,865.0,1
741,742,cutiefly,742,1,2,61,869.0,1
742,743,ribombee,743,2,5,162,870.0,1
743,744,rockruff,744,5,92,56,872.0,1
744,745,lycanroc-midday,745,8,250,170,874.0,1
745,746,wishiwashi-solo,746,2,3,61,877.0,1
746,747,mareanie,747,4,80,61,879.0,1
747,748,toxapex,748,7,145,173,880.0,1
748,749,mudbray,749,10,1100,77,881.0,1
749,750,mudsdale,750,25,9200,175,882.0,1
750,751,dewpider,751,3,40,54,883.0,1
751,752,araquanid,752,18,820,159,884.0,1
752,753,fomantis,753,3,15,50,886.0,1
753,754,lurantis,754,9,185,168,887.0,1
754,755,morelull,755,2,15,57,889.0,1
755,756,shiinotic,756,10,115,142,890.0,1
756,757,salandit,757,6,48,64,891.0,1
757,758,salazzle,758,12,222,168,892.0,1
758,759,stufful,759,5,68,68,894.0,1
759,760,bewear,760,21,1350,175,895.0,1
760,761,bounsweet,761,3,32,42,896.0,1
761,762,steenee,762,7,82,102,897.0,1
762,763,tsareena,763,12,214,230,898.0,1
763,764,comfey,764,1,3,170,899.0,1
764,765,oranguru,765,15,760,172,900.0,1
765,766,passimian,766,20,828,172,901.0,1
766,767,wimpod,767,5,120,46,902.0,1
767,768,golisopod,768,20,1080,186,903.0,1
768,769,sandygast,769,5,700,64,904.0,1
769,770,palossand,770,13,2500,168,905.0,1
770,771,pyukumuku,771,3,12,144,906.0,1
771,772,type-null,772,19,1205,107,907.0,1
772,773,silvally,773,23,1005,257,908.0,1
773,774,minior-red-meteor,774,3,400,154,909.0,1
774,775,komala,775,4,199,168,923.0,1
775,776,turtonator,776,20,2120,170,924.0,1
776,777,togedemaru,777,3,33,152,925.0,1
777,778,mimikyu-disguised,778,2,7,167,927.0,1
778,779,bruxish,779,9,190,166,931.0,1
779,780,drampa,780,30,1850,170,932.0,1
780,781,dhelmise,781,39,2100,181,933.0,1
781,782,jangmo-o,782,6,297,60,934.0,1
782,783,hakamo-o,783,12,470,147,935.0,1
783,784,kommo-o,784,16,782,270,936.0,1
784,785,tapu-koko,785,18,205,257,938.0,1
785,786,tapu-lele,786,12,186,257,939.0,1
786,787,tapu-bulu,787,19,455,257,940.0,1
787,788,tapu-fini,788,13,212,257,941.0,1
788,789,cosmog,789,2,1,40,942.0,1
789,790,cosmoem,790,1,9999,140,943.0,1
790,791,solgaleo,791,34,2300,306,944.0,1
791,792,lunala,792,40,1200,306,945.0,1
792,793,nihilego,793,12,555,257,946.0,1
793,794,buzzwole,794,24,3336,257,947.0,1
794,795,pheromosa,795,18,250,257,948.0,1
795,796,xurkitree,796,38,1000,257,949.0,1
796,797,celesteela,797,92,9999,257,950.0,1
797,798,kartana,798,3,1,257,951.0,1
798,799,guzzlord,799,55,8880,257,952.0,1
799,800,necrozma,800,24,2300,270,953.0,1
800,801,magearna,801,10,805,270,957.0,1
801,802,marshadow,802,7,222,270,959.0,1
802,803,poipole,803,6,18,189,960.0,1
803,804,naganadel,804,36,1500,243,961.0,1
804,805,stakataka,805,55,8200,257,962.0,1
805,806,blacephalon,806,18,130,257,963.0,1
806,807,zeraora,807,15,445,270,964.0,1
807,808,meltan,808,2,80,135,,1
808,809,melmetal,809,25,8000,270,,1
809,810,grookey,810,3,50,62,,1
810,811,thwackey,811,7,140,147,,1
811,812,rillaboom,812,21,900,265,,1
812,813,scorbunny,813,3,45,62,,1
813,814,raboot,814,6,90,147,,1
814,815,cinderace,815,14,330,265,,1
815,816,sobble,816,3,40,62,,1
816,817,drizzile,817,7,115,147,,1
817,818,inteleon,818,19,452,265,,1
818,819,skwovet,819,3,25,55,,1
819,820,greedent,820,6,60,161,,1
820,821,rookidee,821,2,18,49,,1
821,822,corvisquire,822,8,160,128,,1
822,823,corviknight,823,22,750,248,,1
823,824,blipbug,824,4,80,36,,1
824,825,dottler,825,4,195,117,,1
825,826,orbeetle,826,4,408,253,,1
826,827,nickit,827,6,89,49,,1
827,828,thievul,828,12,199,159,,1
828,829,gossifleur,829,4,22,50,,1
829,830,eldegoss,830,5,25,161,,1
830,831,wooloo,831,6,60,122,,1
831,832,dubwool,832,13,430,172,,1
832,833,chewtle,833,3,85,57,,1
833,834,drednaw,834,10,1155,170,,1
834,835,yamper,835,3,135,54,,1
835,836,boltund,836,10,340,172,,1
836,837,rolycoly,837,3,120,48,,1
837,838,carkol,838,11,780,144,,1
838,839,coalossal,839,28,3105,255,,1
839,840,applin,840,2,5,52,,1
840,841,flapple,841,3,10,170,,1
841,842,appletun,842,4,130,170,,1
842,843,silicobra,843,22,76,63,,1
843,844,sandaconda,844,38,655,179,,1
844,845,cramorant,845,8,180,166,,1
845,846,arrokuda,846,5,10,56,,1
846,847,barraskewda,847,13,300,172,,1
847,848,toxel,848,4,110,48,,1
848,849,toxtricity-amped,849,16,400,176,,1
849,850,sizzlipede,850,7,10,61,,1
850,851,centiskorch,851,30,1200,184,,1
851,852,clobbopus,852,6,40,62,,1
852,853,grapploct,853,16,390,168,,1
853,854,sinistea,854,1,2,62,,1
854,855,polteageist,855,2,4,178,,1
855,856,hatenna,856,4,34,53,,1
856,857,hattrem,857,6,48,130,,1
857,858,hatterene,858,21,51,255,,1
858,859,impidimp,859,4,55,53,,1
859,860,morgrem,860,8,125,130,,1
860,861,grimmsnarl,861,15,610,255,,1
861,862,obstagoon,862,16,460,260,,1
862,863,perrserker,863,8,280,154,,1
863,864,cursola,864,10,4,179,,1
864,865,sirfetchd,865,8,1170,177,,1
865,866,mr-rime,866,15,582,182,,1
866,867,runerigus,867,16,666,169,,1
867,868,milcery,868,2,3,54,,1
868,869,alcremie,869,3,5,173,,1
869,870,falinks,870,30,620,165,,1
870,871,pincurchin,871,3,10,152,,1
871,872,snom,872,3,38,37,,1
872,873,frosmoth,873,13,420,168,,1
873,874,stonjourner,874,25,5200,165,,1
874,875,eiscue-ice,875,14,890,165,,1
875,876,indeedee-male,876,9,280,166,,1
876,877,morpeko,877,3,30,153,,1
877,878,cufant,878,12,1000,66,,1
878,879,copperajah,879,30,6500,175,,1
879,880,dracozolt,880,18,1900,177,,1
880,881,arctozolt,881,23,1500,177,,1
881,882,dracovish,882,23,2150,177,,1
882,883,arctovish,883,20,1750,177,,1
883,884,duraludon,884,18,400,187,,1
884,885,dreepy,885,5,20,54,,1
885,886,drakloak,886,14,110,144,,1
886,887,dragapult,887,30,500,300,,1
887,888,zacian-hero,888,28,1100,335,,1
888,889,zamazenta-hero,889,29,2100,335,,1
889,890,eternatus,890,200,9500,345,,1
890,891,kubfu,891,6,120,77,,1
891,892,urshifu-single-strike,892,19,1050,275,,1
892,893,zarude,893,18,700,300,,1
893,894,regieleki,894,12,1450,290,,1
894,895,regidrago,895,21,2000,290,,1
895,896,glastrier,896,22,8000,290,,1
896,897,spectrier,897,20,445,290,,1
897,898,calyrex,898,11,77,250,,1
898,10001,deoxys-attack,386,17,608,270,497.0,0
899,10002,deoxys-defense,386,17,608,270,498.0,0
900,10003,deoxys-speed,386,17,608,270,499.0,0
901,10004,wormadam-sandy,413,5,65,148,525.0,0
902,10005,wormadam-trash,413,5,65,148,526.0,0
903,10006,shaymin-sky,492,4,52,270,589.0,0
904,10007,giratina-origin,487,69,6500,306,583.0,0
905,10008,rotom-heat,479,3,3,182,570.0,0
906,10009,rotom-wash,479,3,3,182,571.0,0
907,10010,rotom-frost,479,3,3,182,572.0,0
908,10011,rotom-fan,479,3,3,182,573.0,0
909,10012,rotom-mow,479,3,3,182,574.0,0
910,10013,castform-sunny,351,3,8,147,447.0,0
911,10014,castform-rainy,351,3,8,147,448.0,0
912,10015,castform-snowy,351,3,8,147,449.0,0
913,10016,basculin-blue-striped,550,10,180,161,649.0,0
914,10017,darmanitan-zen,555,13,929,189,655.0,0
915,10018,meloetta-pirouette,648,6,65,270,755.0,0
916,10019,tornadus-therian,641,14,630,261,742.0,0
917,10020,thundurus-therian,642,30,610,261,744.0,0
918,10021,landorus-therian,645,13,680,270,748.0,0
919,10022,kyurem-black,646,33,3250,315,751.0,0
920,10023,kyurem-white,646,36,3250,315,750.0,0
921,10024,keldeo-resolute,647,14,485,261,753.0,0
922,10025,meowstic-female,678,6,85,163,789.0,0
923,10026,aegislash-blade,681,17,530,234,793.0,0
924,10027,pumpkaboo-small,710,3,35,67,822.0,0
925,10028,pumpkaboo-large,710,5,75,67,823.0,0
926,10029,pumpkaboo-super,710,8,150,67,824.0,0
927,10030,gourgeist-small,711,7,95,173,826.0,0
928,10031,gourgeist-large,711,11,140,173,827.0,0
929,10032,gourgeist-super,711,17,390,173,828.0,0
930,10033,venusaur-mega,3,24,1555,281,4.0,0
931,10034,charizard-mega-x,6,17,1105,285,8.0,0
932,10035,charizard-mega-y,6,17,1005,285,9.0,0
933,10036,blastoise-mega,9,16,1011,284,13.0,0
934,10037,alakazam-mega,65,12,480,270,103.0,0
935,10038,gengar-mega,94,14,405,270,141.0,0
936,10039,kangaskhan-mega,115,22,1000,207,175.0,0
937,10040,pinsir-mega,127,17,590,210,197.0,0
938,10041,gyarados-mega,130,65,3050,224,201.0,0
939,10042,aerodactyl-mega,142,21,790,215,221.0,0
940,10043,mewtwo-mega-x,150,23,1270,351,231.0,0
941,10044,mewtwo-mega-y,150,15,330,351,232.0,0
942,10045,ampharos-mega,181,14,615,275,261.0,0
943,10046,scizor-mega,212,20,1250,210,187.0,0
944,10047,heracross-mega,214,17,625,210,296.0,0
945,10048,houndoom-mega,229,19,495,210,315.0,0
946,10049,tyranitar-mega,248,25,2550,315,327.0,0
947,10050,blaziken-mega,257,19,520,284,338.0,0
948,10051,gardevoir-mega,282,16,484,278,365.0,0
949,10052,mawile-mega,303,10,235,168,390.0,0
950,10053,aggron-mega,306,22,3950,284,394.0,0
951,10054,medicham-mega,308,13,315,179,397.0,0
952,10055,manectric-mega,310,18,440,201,400.0,0
953,10056,banette-mega,354,12,130,194,453.0,0
954,10057,absol-mega,359,12,490,198,461.0,0
955,10058,garchomp-mega,445,19,950,315,553.0,0
956,10059,lucario-mega,448,13,575,219,556.0,0
957,10060,abomasnow-mega,460,27,1850,208,568.0,0
958,10061,floette-eternal,670,2,9,243,780.0,0
959,10062,latias-mega,380,18,520,315,486.0,0
960,10063,latios-mega,381,23,700,315,488.0,0
961,10064,swampert-mega,260,19,1020,286,342.0,0
962,10065,sceptile-mega,254,19,552,284,334.0,0
963,10066,sableye-mega,302,5,1610,168,388.0,0
964,10067,altaria-mega,334,15,206,207,429.0,0
965,10068,gallade-mega,475,16,564,278,367.0,0
966,10069,audino-mega,531,15,320,425,629.0,0
967,10070,sharpedo-mega,319,25,1303,196,412.0,0
968,10071,slowbro-mega,80,20,1200,207,122.0,0
969,10072,steelix-mega,208,105,7400,214,144.0,0
970,10073,pidgeot-mega,18,22,505,261,24.0,0
971,10074,glalie-mega,362,21,3502,203,464.0,0
972,10075,diancie-mega,719,11,278,315,840.0,0
973,10076,metagross-mega,376,25,9429,315,481.0,0
974,10077,kyogre-primal,382,98,4300,347,490.0,0
975,10078,groudon-primal,383,50,9997,347,492.0,0
976,10079,rayquaza-mega,384,108,3920,351,494.0,0
977,10080,pikachu-rock-star,25,4,60,112,37.0,0
978,10081,pikachu-belle,25,4,60,112,38.0,0
979,10082,pikachu-pop-star,25,4,60,112,39.0,0
980,10083,pikachu-phd,25,4,60,112,40.0,0
981,10084,pikachu-libre,25,4,60,112,41.0,0
982,10085,pikachu-cosplay,25,4,60,112,36.0,0
983,10086,hoopa-unbound,720,65,4900,306,842.0,0
984,10087,camerupt-mega,323,25,3205,196,417.0,0
985,10088,lopunny-mega,428,13,283,203,541.0,0
986,10089,salamence-mega,373,18,1126,315,477.0,0
987,10090,beedrill-mega,15,14,405,223,20.0,0
988,10091,rattata-alola,19,3,38,51,26.0,0
989,10092,raticate-alola,20,7,255,145,28.0,0
990,10093,raticate-totem-alola,20,14,1050,145,29.0,0
991,10094,pikachu-original-cap,25,4,60,112,42.0,0
992,10095,pikachu-hoenn-cap,25,4,60,112,43.0,0
993,10096,pikachu-sinnoh-cap,25,4,60,112,44.0,0
994,10097,pikachu-unova-cap,25,4,60,112,45.0,0
995,10098,pikachu-kalos-cap,25,4,60,112,46.0,0
996,10099,pikachu-alola-cap,25,4,60,112,47.0,0
997,10100,raichu-alola,26,7,210,218,50.0,0
998,10101,sandshrew-alola,27,7,400,60,52.0,0
999,10102,sandslash-alola,28,12,550,158,54.0,0
1000,10103,vulpix-alola,37,6,99,60,65.0,0
1001,10104,ninetales-alola,38,11,199,177,67.0,0
1002,10105,diglett-alola,50,2,10,53,83.0,0
1003,10106,dugtrio-alola,51,7,666,149,85.0,0
1004,10107,meowth-alola,52,4,42,58,87.0,0
1005,10108,persian-alola,53,11,330,154,89.0,0
1006,10109,geodude-alola,74,4,203,60,113.0,0
1007,10110,graveler-alola,75,10,1100,137,115.0,0
1008,10111,golem-alola,76,17,3160,223,117.0,0
1009,10112,grimer-alola,88,7,420,65,133.0,0
1010,10113,muk-alola,89,10,520,175,135.0,0
1011,10114,exeggutor-alola,103,109,4156,186,153.0,0
1012,10115,marowak-alola,105,10,340,149,156.0,0
1013,10116,greninja-battle-bond,658,15,400,239,766.0,0
1014,10117,greninja-ash,658,15,400,288,767.0,0
1015,10118,zygarde-10,718,12,335,219,836.0,0
1016,10119,zygarde-50,718,50,3050,270,837.0,0
1017,10120,zygarde-complete,718,45,6100,319,838.0,0
1018,10121,gumshoos-totem,735,14,600,146,858.0,0
1019,10122,vikavolt-totem,738,26,1475,225,862.0,0
1020,10123,oricorio-pom-pom,741,6,34,167,866.0,0
1021,10124,oricorio-pau,741,6,34,167,867.0,0
1022,10125,oricorio-sensu,741,6,34,167,868.0,0
1023,10126,lycanroc-midnight,745,11,250,170,875.0,0
1024,10127,wishiwashi-school,746,82,786,217,878.0,0
1025,10128,lurantis-totem,754,15,580,168,888.0,0
1026,10129,salazzle-totem,758,21,810,168,893.0,0
1027,10130,minior-orange-meteor,774,3,400,154,910.0,0
1028,10131,minior-yellow-meteor,774,3,400,154,911.0,0
1029,10132,minior-green-meteor,774,3,400,154,912.0,0
1030,10133,minior-blue-meteor,774,3,400,154,913.0,0
1031,10134,minior-indigo-meteor,774,3,400,154,914.0,0
1032,10135,minior-violet-meteor,774,3,400,154,915.0,0
1033,10136,minior-red,774,3,3,175,916.0,0
1034,10137,minior-orange,774,3,3,175,917.0,0
1035,10138,minior-yellow,774,3,3,175,918.0,0
1036,10139,minior-green,774,3,3,175,919.0,0
1037,10140,minior-blue,774,3,3,175,920.0,0
1038,10141,minior-indigo,774,3,3,175,921.0,0
1039,10142,minior-violet,774,3,3,175,922.0,0
1040,10143,mimikyu-busted,778,2,7,167,928.0,0
1041,10144,mimikyu-totem-disguised,778,4,28,167,929.0,0
1042,10145,mimikyu-totem-busted,778,4,28,167,930.0,0
1043,10146,kommo-o-totem,784,24,2075,270,937.0,0
1044,10147,magearna-original,801,10,805,270,958.0,0
1045,10148,pikachu-partner-cap,25,4,60,112,48.0,0
1046,10149,marowak-totem,105,17,980,149,157.0,0
1047,10150,ribombee-totem,743,4,20,162,871.0,0
1048,10151,rockruff-own-tempo,744,5,92,56,873.0,0
1049,10152,lycanroc-dusk,745,8,250,170,876.0,0
1050,10153,araquanid-totem,752,31,2175,159,885.0,0
1051,10154,togedemaru-totem,777,6,130,152,926.0,0
1052,10155,necrozma-dusk,800,38,4600,306,954.0,0
1053,10156,necrozma-dawn,800,42,3500,306,955.0,0
1054,10157,necrozma-ultra,800,75,2300,339,956.0,0
1055,10158,meowth-galar,52,4,75,58,87.0,0
1056,10159,ponyta-galar,77,8,240,82,118.0,0
1057,10160,rapidash-galar,78,17,800,175,119.0,0
1058,10161,slowpoke-galar,79,12,360,63,120.0,0
1059,10162,slowbro-galar,80,16,705,172,121.0,0
1060,10163,farfetchd-galar,83,8,420,132,127.0,0
1061,10164,weezing-galar,110,30,160,172,165.0,0
1062,10165,mr-mime-galar,122,14,568,161,184.0,0
1063,10166,articuno-galar,144,17,509,261,224.0,0
1064,10167,zapdos-galar,145,16,582,261,225.0,0
1065,10168,moltres-galar,146,20,660,261,226.0,0
1066,10169,slowking-galar,199,18,795,172,123.0,0
1067,10170,corsola-galar,222,6,5,144,306.0,0
1068,10171,zigzagoon-galar,263,4,175,56,345.0,0
1069,10172,linoone-galar,264,5,325,147,346.0,0
1070,10173,darumaka-galar,554,7,400,63,653.0,0
1071,10174,darmanitan-standard-galar,555,17,1200,168,654.0,0
1072,10175,darmanitan-zen-galar,555,17,1200,168,655.0,0
1073,10176,yamask-galar,562,5,15,61,662.0,0
1074,10177,stunfisk-galar,618,7,205,165,718.0,0
1075,10178,toxtricity-low-key,849,16,400,176,,0
1076,10179,eiscue-noice,875,14,890,165,,0
1077,10180,indeedee-female,876,9,28,166,,0
1078,10181,zacian-crowned,888,28,3550,335,,0
1079,10182,zamazenta-crowned,889,29,7850,335,,0
1080,10183,urshifu-rapid-strike,892,19,1050,275,,0
1081,10184,calyrex-ice-rider,898,24,8091,340,,0
1082,10185,calyrex-shadow-rider,898,24,536,340,,0
1083,10186,venusaur-gmax,3,240,10000,236,,0
1084,10187,charizard-gmax,6,280,10000,240,,0
1085,10188,blastoise-gmax,9,250,10000,239,,0
1086,10189,butterfree-gmax,12,170,10000,178,,0
1087,10190,pikachu-gmax,25,210,10000,112,,0
1088,10191,meowth-gmax,52,330,10000,58,,0
1089,10192,machamp-gmax,68,250,10000,227,,0
1090,10193,gengar-gmax,94,200,10000,225,,0
1091,10194,kingler-gmax,99,190,10000,166,,0
1092,10195,lapras-gmax,131,240,10000,187,,0
1093,10196,eevee-gmax,133,180,10000,65,,0
1094,10197,snorlax-gmax,143,350,10000,189,,0
1095,10198,garbodor-gmax,569,210,10000,166,,0
1096,10199,melmetal-gmax,809,250,10000,270,,0
1097,10200,rillaboom-gmax,812,280,10000,265,,0
1098,10201,cinderace-gmax,815,270,10000,265,,0
1099,10202,inteleon-gmax,818,400,10000,265,,0
1100,10203,corviknight-gmax,823,140,10000,248,,0
1101,10204,orbeetle-gmax,826,140,10000,253,,0
1102,10205,drednaw-gmax,834,240,10000,170,,0
1103,10206,coalossal-gmax,839,420,10000,255,,0
1104,10207,flapple-gmax,841,240,10000,170,,0
1105,10208,appletun-gmax,842,240,10000,170,,0
1106,10209,sandaconda-gmax,844,220,10000,179,,0
1107,10210,toxtricity-amped-gmax,849,240,10000,176,,0
1108,10211,centiskorch-gmax,851,750,10000,184,,0
1109,10212,hatterene-gmax,858,260,10000,255,,0
1110,10213,grimmsnarl-gmax,861,320,10000,255,,0
1111,10214,alcremie-gmax,869,300,10000,173,,0
1112,10215,copperajah-gmax,879,230,10000,175,,0
1113,10216,duraludon-gmax,884,430,10000,187,,0
1114,10217,eternatus-eternamax,890,1000,10000,345,,0
1115,10218,urshifu-single-strike-gmax,892,290,10000,275,,0
1116,10219,urshifu-rapid-strike-gmax,892,260,10000,275,,0
1117,10220,toxtricity-low-key-gmax,849,240,10000,176,,0
